{
    "results": {
        "Hematite": {
            "RWP": -0.015566590077484043,
            "percentage_weight": 0.066,
            "crystallite_size": 2000.0
        },
        "Crishigh": {
            "RWP": -0.025508702295466933,
            "percentage_weight": 0.061,
            "crystallite_size": 479.28976
        },
        "Y2o3": {
            "RWP": -0.0174987800723835,
            "percentage_weight": 0.026,
            "crystallite_size": 50.0
        },
        "Dolomite": {
            "RWP": 0.0,
            "percentage_weight": 0.206,
            "crystallite_size": 305.61673
        },
        "Rutile": {
            "RWP": 0.007232840799762666,
            "percentage_weight": 0.079,
            "crystallite_size": 517.53769
        },
        "Sylvite": {
            "RWP": 0.0,
            "percentage_weight": 1.861,
            "crystallite_size": 191.09323
        },
        "C3A-cubic": {
            "RWP": 0.0,
            "percentage_weight": 0.54,
            "crystallite_size": 50.00906
        },
        "Chlorite-p-mod": {
            "RWP": 0.03973214593184216,
            "percentage_weight": 0.053,
            "crystallite_size": 185.17877
        },
        "Thenardite": {
            "RWP": 0.0,
            "percentage_weight": 0.45,
            "crystallite_size": 50.00199
        },
        "Akermani": {
            "RWP": 0.005025066702174608,
            "percentage_weight": 0.147,
            "crystallite_size": 6681739851783814.0
        },
        "Anhydrite": {
            "RWP": 0.017235396235418813,
            "percentage_weight": 0.746,
            "crystallite_size": 50.23799
        },
        "LangbeiniteDipotassium_dicalcium_tris(sulfate(VI))_40989-icsd": {
            "RWP": 0.0,
            "percentage_weight": 0.708,
            "crystallite_size": 935.38029
        },
        "CaO": {
            "RWP": 0.01962422983657946,
            "percentage_weight": 0.039,
            "crystallite_size": 486794721992470.8
        },
        "Musc2m1_with p mod p1": {
            "RWP": -0.03295361931782698,
            "percentage_weight": 0.233,
            "crystallite_size": 1999.99812
        },
        "Quartz": {
            "RWP": 0.0,
            "percentage_weight": 6.117,
            "crystallite_size": 185.19095
        },
        "Phillips": {
            "RWP": 0.0,
            "percentage_weight": 0.295,
            "crystallite_size": 157.95109
        },
        "Bassanit": {
            "RWP": 0.0,
            "percentage_weight": 0.173,
            "crystallite_size": 100.38998
        },
        "Mayenite": {
            "RWP": 0.0,
            "percentage_weight": 0.143,
            "crystallite_size": 1999.78055
        },
        "Gibbsite": {
            "RWP": 0.019018352904555825,
            "percentage_weight": 0.0,
            "crystallite_size": 131.89634
        },
        "Zircon": {
            "RWP": 0.021102194705989133,
            "percentage_weight": 0.0,
            "crystallite_size": 699.99997
        },
        "MicroInt1": {
            "RWP": 0.0,
            "percentage_weight": 0.55,
            "crystallite_size": 1629.75332
        },
        "Arcanite": {
            "RWP": -0.048007086742395205,
            "percentage_weight": 0.303,
            "crystallite_size": 176.08541
        },
        "Corundum as standard": {
            "RWP": 0.0,
            "percentage_weight": 28.116,
            "crystallite_size": 278.21109
        },
        "C2F": {
            "RWP": 0.0,
            "percentage_weight": 0.08,
            "crystallite_size": 2.7785338621318064e+16
        },
        "Ankeri05-with-p-mod": {
            "RWP": -0.03914989569658469,
            "percentage_weight": 0.076,
            "crystallite_size": 1237333388864028.0
        },
        "Hydrocalumite": {
            "RWP": 0.0,
            "percentage_weight": 3.558,
            "crystallite_size": 50.00182
        },
        "CA2-Grossite": {
            "RWP": 0.0,
            "percentage_weight": 0.287,
            "crystallite_size": 2.3140217007008984e+16
        },
        "Larnite": {
            "RWP": 0.0,
            "percentage_weight": 1.861,
            "crystallite_size": 113.70886
        },
        "Katoite": {
            "RWP": 0.0,
            "percentage_weight": 0.124,
            "crystallite_size": 274.6618
        },
        "Calcium chloride hydroxide": {
            "RWP": 0.0,
            "percentage_weight": 0.152,
            "crystallite_size": 739.99179
        },
        "Lime": {
            "RWP": 0.015637259391839454,
            "percentage_weight": 0.145,
            "crystallite_size": 133.04143
        },
        "Thaumasite": {
            "RWP": 0.0,
            "percentage_weight": 0.685,
            "crystallite_size": 70.27691
        },
        "Tobermorite11A": {
            "RWP": -0.028737648232882263,
            "percentage_weight": 0.039,
            "crystallite_size": 1999.87872
        },
        "Analcime": {
            "RWP": -0.0023306673574048664,
            "percentage_weight": 0.0,
            "crystallite_size": 719.5602
        },
        "Aphthita": {
            "RWP": 0.0,
            "percentage_weight": 0.72,
            "crystallite_size": 50.00698
        },
        "C3A-Na-ortho": {
            "RWP": 0.0,
            "percentage_weight": 0.159,
            "crystallite_size": 5334255598326.249
        },
        "C3A-Na-cubic": {
            "RWP": 0.0,
            "percentage_weight": 0.586,
            "crystallite_size": 45.0
        },
        "Aragonit": {
            "RWP": 0.0,
            "percentage_weight": 0.646,
            "crystallite_size": 50.05718
        },
        "Anorthite": {
            "RWP": 0.0,
            "percentage_weight": 0.0,
            "crystallite_size": 1992.64363
        },
        "Magnetite": {
            "RWP": 0.0,
            "percentage_weight": 0.245,
            "crystallite_size": 214.99722
        },
        "Mullite21": {
            "RWP": 0.0,
            "percentage_weight": 0.131,
            "crystallite_size": 1622.91478
        },
        "Merwinite": {
            "RWP": 0.0,
            "percentage_weight": 0.135,
            "crystallite_size": 902.11341
        },
        "Yeelimite_9009938": {
            "RWP": 0.0,
            "percentage_weight": 0.001,
            "crystallite_size": 6.85315996885964e+18
        },
        "C4AF": {
            "RWP": 0.0002696150863166815,
            "percentage_weight": 0.0,
            "crystallite_size": 9187968504182056.0
        },
        "Albint": {
            "RWP": 0.0,
            "percentage_weight": 1.475,
            "crystallite_size": 50.0
        },
        "Gypsum": {
            "RWP": 0.007179127568883741,
            "percentage_weight": 0.24,
            "crystallite_size": 50.00001
        },
        "BrownmilleriteAlFe": {
            "RWP": 0.0,
            "percentage_weight": 0.134,
            "crystallite_size": 110.64009
        },
        "Talc": {
            "RWP": -0.018903897609361568,
            "percentage_weight": 0.215,
            "crystallite_size": 2000.0
        },
        "CA": {
            "RWP": 0.0,
            "percentage_weight": 0.443,
            "crystallite_size": 2604108518929363.0
        },
        "rwp_all": {
            "RWP": 10.1055176,
            "percentage_weight": null,
            "crystallite_size": null
        },
        "Portlandite": {
            "RWP": 0.0,
            "percentage_weight": 3.942,
            "crystallite_size": 52.92545
        },
        "Zro2mkl": {
            "RWP": 0.0,
            "percentage_weight": 0.471,
            "crystallite_size": 50.00652
        },
        "CF": {
            "RWP": -0.03843573237653863,
            "percentage_weight": 0.0,
            "crystallite_size": 3078178719182096.0
        },
        "Syngenite": {
            "RWP": 0.0,
            "percentage_weight": 1.075,