{
    "results": {
        "rwp_all": {
            "RWP": 11.7012917,
            "percentage_weight": null
        },
        "Phillips": {
            "RWP": -0.013682429607322869,
            "percentage_weight": 1.079
        },
        "Hydrocalumite": {
            "RWP": -0.04550734343286227,
            "percentage_weight": 1.093
        },
        "Zro2mkl": {
            "RWP": -0.03383952046935133,
            "percentage_weight": 0.909
        },
        "Magnetite": {
            "RWP": -0.0010957850063682334,
            "percentage_weight": 0.132
        },
        "Ettringite-from-CIF-good": {
            "RWP": -0.009958182650894919,
            "percentage_weight": 0.001
        },
        "LangbeiniteDipotassium_dicalcium_tris(sulfate(VI))_40989-icsd": {
            "RWP": -0.01047269849703864,
            "percentage_weight": 0.259
        },
        "Arcanite": {
            "RWP": -0.028281185401095584,
            "percentage_weight": 1.497
        },
        "C2SH-alpha": {
            "RWP": -0.015398958048366674,
            "percentage_weight": 1.611
        },
        "Talc": {
            "RWP": -0.011276678112383106,
            "percentage_weight": 0.122
        },
        "Gypsum": {
            "RWP": -0.015935462919875812,
            "percentage_weight": 0.52
        },
        "Corundum as standard": {
            "RWP": 0.0,
            "percentage_weight": 25.524
        },
        "Larnite": {
            "RWP": 0.0,
            "percentage_weight": 7.001
        },
        "Hematite": {
            "RWP": -0.016482821293994487,
            "percentage_weight": 0.829
        },
        "Ankeri05-with-p-mod": {
            "RWP": -0.009941791298135152,
            "percentage_weight": 0.105
        },
        "CaClOH": {
            "RWP": -0.0023904882227661515,
            "percentage_weight": 0.27
        },
        "Zircon": {
            "RWP": -0.01148162129827092,
            "percentage_weight": 0.083
        },
        "Aphthita": {
            "RWP": -0.026757669839134177,
            "percentage_weight": 1.73
        },
        "Dolomite": {
            "RWP": -0.013592687378266183,
            "percentage_weight": 0.544
        },
        "Merwinite": {
            "RWP": -0.03633239909744325,
            "percentage_weight": 2.35
        },
        "Vaterite": {
            "RWP": -0.02852890164254267,
            "percentage_weight": 3.037
        },
        "MicroInt1": {
            "RWP": 0.0,
            "percentage_weight": 5.209
        },
        "Chlorite-p-mod": {
            "RWP": -0.009184968869718898,
            "percentage_weight": 0.088
        },
        "Aragonit": {
            "RWP": -0.019772509388856604,
            "percentage_weight": 1.617
        },
        "Lime": {
            "RWP": -0.0014280303771933996,
            "percentage_weight": 0.0
        },
        "Musc2m1_with p mod p1": {
            "RWP": 0.0,
            "percentage_weight": 0.0
        },
        "Analcime": {
            "RWP": -0.0019320003790693737,
            "percentage_weight": 0.325
        },
        "Thaumasite": {
            "RWP": -0.009322312681086414,
            "percentage_weight": 0.08
        },
        "Gibbsite": {
            "RWP": -0.010304614489697814,
            "percentage_weight": 0.122
        },
        "Thenardite": {
            "RWP": -0.011651106860279406,
            "percentage_weight": 0.471
        },
        "Quartz": {
            "RWP": 0.0,
            "percentage_weight": 1.964
        },
        "Mullite21": {
            "RWP": -0.013212515674658408,
            "percentage_weight": 0.451
        },
        "Calcite": {
            "RWP": 0.0,
            "percentage_weight": 55.679
        },
        "Tobermorite11A": {
            "RWP": -0.009853493354071407,
            "percentage_weight": 0.142
        },
        "Gehlenite": {
            "RWP": -0.012316802597101304,
            "percentage_weight": 0.423
        },
        "Mayenite": {
            "RWP": -0.006547456636774649,
            "percentage_weight": 0.723
        },
        "Katoite": {
            "RWP": -0.012958629174247522,
            "percentage_weight": 0.338
        },
        "BrownmilleriteAlFe": {
            "RWP": -0.05151444946885656,
            "percentage_weight": 1.46
        },
        "Sylvite": {
            "RWP": 0.0,
            "percentage_weight": 4.624
        },
        "Anhydrite": {
            "RWP": -0.02275497499135083,
            "percentage_weight": 0.969
        },
        "C3S-mono_nishi": {
            "RWP": -0.022417123401854862,
            "percentage_weight": 1.915
        },
        "Anorthite": {
            "RWP": -0.013336929289610033,
            "percentage_weight": 1.267
        },
        "Crishigh": {
            "RWP": -0.010050975825173298,
            "percentage_weight": 0.0
        },
        "C3A-cubic": {
            "RWP": -0.03174452099164405,
            "percentage_weight": 1.042
        },
        "Calcium chloride hydroxide": {
            "RWP": -0.01180692726427804,
            "percentage_weight": 0.246
        },
        "Portlandite": {
            "RWP": -0.027357911263762545,
            "percentage_weight": 0.625
        },
        "Albint": {
            "RWP": -0.010303708606802893,
            "percentage_weight": 0.602
        },
        "Rutile": {
            "RWP": -0.012042491001228627,
            "percentage_weight": 0.251
        },
        "Bassanit": {
            "RWP": -0.013242179066435987,
            "percentage_weight": 0.738
        },
        "Syngenite": {
            "RWP": -0.015142507728441688,
            "percentage_weight": 1.074
        },
        "initial_structure_list": [
            "Phillips",
            "Hydrocalumite",
            "Zro2mkl",
            "Magnetite",
            "Ettringite-from-CIF-good",
            "LangbeiniteDipotassium_dicalcium_tris(sulfate(VI))_40989-icsd",
            "Arcanite",
            "C2SH-alpha",
            "Talc",
            "Gypsum",
            "Corundum as standard",
            "Larnite",
            "Hematite",
            "Ankeri05-with-p-mod",
            "CaClOH",
            "Zircon",
            "Aphthita",
            "Dolomite",
            "Merwinite",
            "Vaterite",
            "MicroInt1",
            "Chlorite-p-mod",
            "Aragonit",
            "Lime",
            "Musc2m1_with p mod p1",
            "Analcime",
            "Thaumasite",
            "Gibbsite",
            "Thenardite",
            "Quartz",
            "Mullite21",
            "Calcite",
            "Tobermorite11A",
            "Gehlenite",
            "Mayenite",
            "Katoite",
            "BrownmilleriteAlFe",
            "Sylvite",
            "Anhydrite",
            "C3S-mono_nishi",
            "Anorthite",
            "Crishigh",
            "C3A-cubic",
            "Calcium chloride hydroxide",
            "Portlandite",
            "Albint",
            "Rutile",
            "Bassanit",
            "Syngenite"
        ],