{
    "results": {
        "LangbeiniteDipotassium_dicalcium_tris(sulfate(VI))_40989-icsd": {
            "RWP": 0.0,
            "percentage_weight": 0.741,
            "crystallite_size": 62.96558
        },
        "Thenardite": {
            "RWP": 0.0,
            "percentage_weight": 0.317,
            "crystallite_size": 73.50517
        },
        "Dolomite": {
            "RWP": 0.012315177353838892,
            "percentage_weight": 0.447,
            "crystallite_size": 344.81009
        },
        "CaO": {
            "RWP": 0.030113954107002103,
            "percentage_weight": 0.003,
            "crystallite_size": 249693080628.48422
        },
        "C6S3H-gamma-Dellaite": {
            "RWP": 0.0040865723211087005,
            "percentage_weight": 0.334,
            "crystallite_size": 1.1378804863993766e+16
        },
        "Larnite": {
            "RWP": 0.0,
            "percentage_weight": 2.85,
            "crystallite_size": 50.21122
        },
        "Mayenite": {
            "RWP": 0.0014638890344422489,
            "percentage_weight": 0.087,
            "crystallite_size": 1999.99999
        },
        "Yeelimite_9009938": {
            "RWP": -0.004448183330827032,
            "percentage_weight": 0.206,
            "crystallite_size": 30.0635
        },
        "Sylvite": {
            "RWP": 0.0,
            "percentage_weight": 1.498,
            "crystallite_size": 257.92586
        },
        "C3S-mono_nishi": {
            "RWP": 0.0,
            "percentage_weight": 1.343,
            "crystallite_size": 176.27146
        },
        "Musc2m1_with p mod p1": {
            "RWP": 0.023056733366745352,
            "percentage_weight": 0.347,
            "crystallite_size": 1978.70499
        },
        "CA": {
            "RWP": 0.0,
            "percentage_weight": 0.599,
            "crystallite_size": 34178054818008.4
        },
        "Magnetite": {
            "RWP": 0.0,
            "percentage_weight": 0.106,
            "crystallite_size": 1999.98697
        },
        "rwp_all": {
            "RWP": {
                "RWP": 9.49957249
            },
            "percentage_weight": null,
            "crystallite_size": null
        },
        "Talc": {
            "RWP": 0.00787601548161872,
            "percentage_weight": 0.359,
            "crystallite_size": 55.58659
        },
        "Rutile": {
            "RWP": 0.030247760128413948,
            "percentage_weight": 0.033,
            "crystallite_size": 1999.99931
        },
        "Hydrocalumite": {
            "RWP": 0.0,
            "percentage_weight": 3.866,
            "crystallite_size": 50.00005
        },
        "CF": {
            "RWP": 0.019379990014687477,
            "percentage_weight": 0.134,
            "crystallite_size": 1216037176293.9521
        },
        "Thaumasite": {
            "RWP": 0.0,
            "percentage_weight": 0.443,
            "crystallite_size": 298.13893
        },
        "Zro2mkl": {
            "RWP": 0.0,
            "percentage_weight": 0.68,
            "crystallite_size": 50.0
        },
        "Analcime": {
            "RWP": 0.019735837607151006,
            "percentage_weight": 0.0,
            "crystallite_size": 50.02814
        },
        "MicroInt1": {
            "RWP": 0.0,
            "percentage_weight": 1.119,
            "crystallite_size": 410.93626
        },
        "Aphthita": {
            "RWP": 0.0,
            "percentage_weight": 0.414,
            "crystallite_size": 125.00531
        },
        "Arcanite": {
            "RWP": 0.0,
            "percentage_weight": 0.477,
            "crystallite_size": 227.61625
        },
        "Corundum as standard": {
            "RWP": 0.0,
            "percentage_weight": 29.429,
            "crystallite_size": 276.78928
        },
        "C3A-cubic": {
            "RWP": 0.0,
            "percentage_weight": 0.513,
            "crystallite_size": 50.00012
        },
        "CA2-Grossite": {
            "RWP": 0.005896200072051798,
            "percentage_weight": 0.3,
            "crystallite_size": 2.102013776262926e+16
        },
        "C2F": {
            "RWP": 0.07054705995511583,
            "percentage_weight": 0.163,
            "crystallite_size": 1.8056267426788096e+16
        },
        "Albint": {
            "RWP": 0.0,
            "percentage_weight": 0.698,
            "crystallite_size": 131.89521
        },
        "Bassanit": {
            "RWP": 0.0,
            "percentage_weight": 0.007,
            "crystallite_size": 1386.81542
        },
        "Anhydrite": {
            "RWP": -0.0020551945911832393,
            "percentage_weight": 0.458,
            "crystallite_size": 96.84223
        },
        "Calcite": {
            "RWP": 0.0,
            "percentage_weight": 40.723,
            "crystallite_size": 60.62402
        },
        "Quartz": {
            "RWP": 0.0,
            "percentage_weight": 5.251,
            "crystallite_size": 221.69758
        },
        "Gypsum": {
            "RWP": 0.0,
            "percentage_weight": 0.272,
            "crystallite_size": 50.00002
        },
        "Aragonit": {
            "RWP": 0.0,
            "percentage_weight": 0.401,
            "crystallite_size": 50.16984
        },
        "Calcium chloride hydroxide": {
            "RWP": -0.02028384542597448,
            "percentage_weight": 0.412,
            "crystallite_size": 50.00007
        },
        "Gehlenite": {
            "RWP": 0.0,
            "percentage_weight": 0.345,
            "crystallite_size": 50.00031
        },
        "Portlandite": {
            "RWP": 0.0,
            "percentage_weight": 4.926,
            "crystallite_size": 57.07676
        },
        "Vaterite": {
            "RWP": 0.0,
            "percentage_weight": 0.357,
            "crystallite_size": 50.00008
        },
        "Gibbsite": {
            "RWP": 0.0069050654720568296,
            "percentage_weight": 0.0,
            "crystallite_size": 50.0
        },
        "Anorthite": {
            "RWP": 0.0,
            "percentage_weight": 0.006,
            "crystallite_size": 1990.47788
        },
        "C3A-Na-cubic": {
            "RWP": 0.0,
            "percentage_weight": 0.802,
            "crystallite_size": 45.0
        },
        "Phillips": {
            "RWP": 0.04003306574062467,
            "percentage_weight": 0.073,
            "crystallite_size": 1878.12314
        },
        "Ettringite-from-CIF-good": {
            "RWP": 0.0,
            "percentage_weight": 0.217,
            "crystallite_size": 103.1718
        },
        "Hematite": {
            "RWP": 0.0025447766228898464,
            "percentage_weight": 0.097,
            "crystallite_size": 723.21584
        },
        "Merwinite": {
            "RWP": 0.0,
            "percentage_weight": 0.236,
            "crystallite_size": 93.7677
        },
        "Akermani": {
            "RWP": 0.024908564069497447,
            "percentage_weight": 0.301,
            "crystallite_size": 6477930273123106.0
        },
        "Syngenite": {
            "RWP": 0.0,
            "percentage_weight": 1.366,
            "crystallite_size": 146.3342
        },
        "Ankeri05-with-p-mod": {
            "RWP": 0.026753652363570638,
            "percentage_weight": 0.0,
            "crystallite_size": 8922778011141388.0
        },