{
    "results": {
        "Ettringite-from-CIF-good": {
            "RWP": -0.009958182650894919,
            "percentage_weight": 0.001
        },
        "Thenardite": {
            "RWP": -0.011651106860279406,
            "percentage_weight": 0.471
        },
        "Calcium chloride hydroxide": {
            "RWP": -0.01180692726427804,
            "percentage_weight": 0.246
        },
        "Rutile": {
            "RWP": -0.01204238844844793,
            "percentage_weight": 0.251
        },
        "MicroInt1": {
            "RWP": 0.0,
            "percentage_weight": 5.209
        },
        "Hematite": {
            "RWP": -0.016482821293994487,
            "percentage_weight": 0.829
        },
        "Phillips": {
            "RWP": -0.013682429607322869,
            "percentage_weight": 1.079
        },
        "Tobermorite11A": {
            "RWP": -0.010142760563776058,
            "percentage_weight": 0.142
        },
        "Sylvite": {
            "RWP": 0.0,
            "percentage_weight": 4.624
        },
        "C2SH-alpha": {
            "RWP": -0.015398932410171538,
            "percentage_weight": 1.611
        },
        "Zro2mkl": {
            "RWP": -0.03383951192328633,
            "percentage_weight": 0.909
        },
        "Mullite21": {
            "RWP": -0.013141737163940737,
            "percentage_weight": 0.451
        },
        "Katoite": {
            "RWP": -0.012958629174247522,
            "percentage_weight": 0.338
        },
        "Anorthite": {
            "RWP": -0.013336929289610033,
            "percentage_weight": 1.267
        },
        "Portlandite": {
            "RWP": -0.027352005932815105,
            "percentage_weight": 0.625
        },
        "Chlorite-p-mod": {
            "RWP": -0.009179328466787968,
            "percentage_weight": 0.088
        },
        "Ankeri05-with-p-mod": {
            "RWP": -0.009942235693517468,
            "percentage_weight": 0.105
        },
        "C3S-mono_nishi": {
            "RWP": -0.022417114855789868,
            "percentage_weight": 1.915
        },
        "Magnetite": {
            "RWP": -0.0010957850063682334,
            "percentage_weight": 0.132
        },
        "CaClOH": {
            "RWP": -0.0023904882227661515,
            "percentage_weight": 0.27
        },
        "Arcanite": {
            "RWP": -0.0282906458951023,
            "percentage_weight": 1.497
        },
        "Analcime": {
            "RWP": -0.0019320003790693737,
            "percentage_weight": 0.325
        },
        "Aphthita": {
            "RWP": -0.026757669839134177,
            "percentage_weight": 1.73
        },
        "Mayenite": {
            "RWP": -0.006547456636774649,
            "percentage_weight": 0.723
        },
        "Gypsum": {
            "RWP": -0.015935462919875812,
            "percentage_weight": 0.52
        },
        "Bassanit": {
            "RWP": -0.013242179066435987,
            "percentage_weight": 0.738
        },
        "C3A-cubic": {
            "RWP": -0.03174452099164405,
            "percentage_weight": 1.042
        },
        "Gibbsite": {
            "RWP": -0.010304529029047257,
            "percentage_weight": 0.122
        },
        "Larnite": {
            "RWP": 0.0,
            "percentage_weight": 7.001
        },
        "Crishigh": {
            "RWP": -0.010050967279108152,
            "percentage_weight": 0.0
        },
        "rwp_all": {
            "RWP": 11.7012917,
            "percentage_weight": null
        },
        "Merwinite": {
            "RWP": -0.03633239909744325,
            "percentage_weight": 2.35
        },
        "Dolomite": {
            "RWP": -0.013602976840582565,
            "percentage_weight": 0.544
        },
        "LangbeiniteDipotassium_dicalcium_tris(sulfate(VI))_40989-icsd": {
            "RWP": -0.010472689950973644,
            "percentage_weight": 0.259
        },
        "Talc": {
            "RWP": -0.01127655846747242,
            "percentage_weight": 0.122
        },
        "Lime": {
            "RWP": -0.0014280303771933996,
            "percentage_weight": 0.0
        },
        "Aragonit": {
            "RWP": -0.019767715046365326,
            "percentage_weight": 1.617
        },
        "Albint": {
            "RWP": -0.010304238462835763,
            "percentage_weight": 0.602
        },
        "Syngenite": {
            "RWP": -0.015142507728441688,
            "percentage_weight": 1.074
        },
        "Hydrocalumite": {
            "RWP": -0.04550744598564282,
            "percentage_weight": 1.093
        },
        "BrownmilleriteAlFe": {
            "RWP": -0.05151449219918184,
            "percentage_weight": 1.46
        },
        "Quartz": {
            "RWP": 0.0,
            "percentage_weight": 1.964
        },
        "Gehlenite": {
            "RWP": -0.012316794051036308,
            "percentage_weight": 0.423
        },
        "Thaumasite": {
            "RWP": -0.009327679609935685,
            "percentage_weight": 0.08
        },
        "Musc2m1_with p mod p1": {
            "RWP": 0.0,
            "percentage_weight": 0.0
        },
        "Anhydrite": {
            "RWP": -0.022754086200585895,
            "percentage_weight": 0.969
        },
        "Corundum as standard": {
            "RWP": 0.0,
            "percentage_weight": 25.524
        },
        "Calcite": {
            "RWP": 0.0,
            "percentage_weight": 55.679
        },
        "Vaterite": {
            "RWP": -0.02852890164254267,
            "percentage_weight": 3.037
        },
        "Zircon": {
            "RWP": -0.01148162129827092,
            "percentage_weight": 0.083
        },
        "initial_structure_list": [
            "Ettringite-from-CIF-good",
            "Thenardite",
            "Calcium chloride hydroxide",
            "Rutile",
            "MicroInt1",
            "Hematite",
            "Phillips",
            "Tobermorite11A",
            "Sylvite",
            "C2SH-alpha",
            "Zro2mkl",
            "Mullite21",
            "Katoite",
            "Anorthite",
            "Portlandite",
            "Chlorite-p-mod",
            "Ankeri05-with-p-mod",
            "C3S-mono_nishi",
            "Magnetite",
            "CaClOH",
            "Arcanite",
            "Analcime",
            "Aphthita",
            "Mayenite",
            "Gypsum",
            "Bassanit",
            "C3A-cubic",
            "Gibbsite",
            "Larnite",
            "Crishigh",
            "Merwinite",
            "Dolomite",
            "LangbeiniteDipotassium_dicalcium_tris(sulfate(VI))_40989-icsd",
            "Talc",
            "Lime",
            "Aragonit",
            "Albint",
            "Syngenite",
            "Hydrocalumite",
            "BrownmilleriteAlFe",
            "Quartz",
            "Gehlenite",
            "Thaumasite",
            "Musc2m1_with p mod p1",
            "Anhydrite",
            "Corundum as standard",
            "Calcite",
            "Vaterite",
            "Zircon"
        ],