{
    "results": {
        "Gypsum": {
            "RWP": -0.014434069179677265,
            "percentage_weight": 0.537
        },
        "Bassanit": {
            "RWP": -0.010898952565457443,
            "percentage_weight": 0.77
        },
        "Ankeri05-with-p-mod": {
            "RWP": -0.008778920794844372,
            "percentage_weight": 0.127
        },
        "Larnite": {
            "RWP": 0.0,
            "percentage_weight": 6.265
        },
        "Vaterite": {
            "RWP": 0.0,
            "percentage_weight": 2.936
        },
        "Calcium chloride hydroxide": {
            "RWP": -0.00298373865856613,
            "percentage_weight": 0.307
        },
        "Hydrocalumite": {
            "RWP": -0.039438907954918515,
            "percentage_weight": 1.215
        },
        "Chlorite-p-mod": {
            "RWP": 0.0016306997548833954,
            "percentage_weight": 0.006
        },
        "Rutile": {
            "RWP": -0.000815538720548794,
            "percentage_weight": 0.033
        },
        "Albint": {
            "RWP": -0.005115610452822681,
            "percentage_weight": 0.844
        },
        "Mullite21": {
            "RWP": -0.010164414362742779,
            "percentage_weight": 0.56
        },
        "Talc": {
            "RWP": 0.0007215914706295922,
            "percentage_weight": 0.096
        },
        "Thenardite": {
            "RWP": -0.00992444308235374,
            "percentage_weight": 0.499
        },
        "C3S-mono_nishi": {
            "RWP": -0.022365681694982726,
            "percentage_weight": 1.882
        },
        "Tobermorite11A": {
            "RWP": -0.007378240727777187,
            "percentage_weight": 0.11
        },
        "Aphthita": {
            "RWP": -0.034566299055598375,
            "percentage_weight": 1.75
        },
        "Katoite": {
            "RWP": -0.00011934884367063564,
            "percentage_weight": 0.0
        },
        "Anhydrite": {
            "RWP": -0.01871878752817589,
            "percentage_weight": 0.858
        },
        "Zro2mkl": {
            "RWP": -0.03863859965054019,
            "percentage_weight": 0.985
        },
        "MicroInt1": {
            "RWP": 0.0,
            "percentage_weight": 4.025
        },
        "Gibbsite": {
            "RWP": -0.007914976755082468,
            "percentage_weight": 0.12
        },
        "Sylvite": {
            "RWP": 0.0,
            "percentage_weight": 4.554
        },
        "Gehlenite": {
            "RWP": -0.002841834042850684,
            "percentage_weight": 0.77
        },
        "Corundum as standard": {
            "RWP": 0.0,
            "percentage_weight": 25.312
        },
        "Hematite": {
            "RWP": -0.018493993963555506,
            "percentage_weight": 0.792
        },
        "Zircon": {
            "RWP": -0.007501823170406421,
            "percentage_weight": 0.0
        },
        "C2SH-alpha": {
            "RWP": 0.0009838901546548712,
            "percentage_weight": 0.0
        },
        "C3A-cubic": {
            "RWP": -0.01907506859572163,
            "percentage_weight": 1.142
        },
        "Syngenite": {
            "RWP": -0.00573894202397168,
            "percentage_weight": 1.112
        },
        "Arcanite": {
            "RWP": -0.024994035192836692,
            "percentage_weight": 1.789
        },
        "Anorthite": {
            "RWP": -0.005479155392440522,
            "percentage_weight": 1.052
        },
        "CaClOH": {
            "RWP": -0.0017169176125130783,
            "percentage_weight": 0.304
        },
        "Thaumasite": {
            "RWP": -0.0073138408365647925,
            "percentage_weight": 0.021
        },
        "Dolomite": {
            "RWP": -0.008726062291664368,
            "percentage_weight": 0.981
        },
        "Lime": {
            "RWP": 0.000798841476523247,
            "percentage_weight": 0.0
        },
        "LangbeiniteDipotassium_dicalcium_tris(sulfate(VI))_40989-icsd": {
            "RWP": -0.0003236770855244449,
            "percentage_weight": 0.0
        },
        "Magnetite": {
            "RWP": -0.009162772956022887,
            "percentage_weight": 0.163
        },
        "Calcite": {
            "RWP": 0.0,
            "percentage_weight": 55.049
        },
        "Quartz": {
            "RWP": 0.0,
            "percentage_weight": 1.858
        },
        "BrownmilleriteAlFe": {
            "RWP": -0.04689108734666516,
            "percentage_weight": 1.408
        },
        "Analcime": {
            "RWP": -0.0032254139186189395,
            "percentage_weight": 0.423
        },
        "Crishigh": {
            "RWP": -3.0645283747970767e-05,
            "percentage_weight": 0.0
        },
        "Aragonit": {
            "RWP": -0.023146271265622277,
            "percentage_weight": 1.443
        },
        "Ettringite-from-CIF-good": {
            "RWP": 0.000343272851658425,
            "percentage_weight": 0.0
        },
        "rwp_all": {
            "RWP": 11.3851124,
            "percentage_weight": null
        },
        "Portlandite": {
            "RWP": -0.01942018596144917,
            "percentage_weight": 0.68
        },
        "Merwinite": {
            "RWP": -0.03279316768097972,
            "percentage_weight": 2.135
        },
        "Musc2m1_with p mod p1": {
            "RWP": -0.0015498924718565787,
            "percentage_weight": 0.457
        },
        "Mayenite": {
            "RWP": -0.016644745641685617,
            "percentage_weight": 0.733
        },
        "Phillips": {
            "RWP": -0.00466908873029668,
            "percentage_weight": 0.994
        },
        "excluded_structures": [
            "Larnite",
            "Vaterite",
            "Chlorite-p-mod",
            "Talc",
            "MicroInt1",
            "Sylvite",
            "Corundum as standard",
            "C2SH-alpha",
            "Lime",
            "Calcite",
            "Quartz",
            "Ettringite-from-CIF-good"
        ],
        "structures_list": [
            "Gypsum.str",
            "Bassanit.str",
            "Ankeri05-with-p-mod.str",
            "Larnite.str",
            "Vaterite.str",
            "Calcium chloride hydroxide.str",
            "Hydrocalumite.str",
            "Rutile.str",
            "Albint.str",
            "Mullite21.str",
            "Talc.str",
            "Thenardite.str",
            "C3S-mono_nishi.str",
            "Tobermorite11A.str",
            "Aphthita.str",
            "Katoite.str",
            "Anhydrite.str",
            "Zro2mkl.str",
            "MicroInt1.str",
            "Gibbsite.str",
            "Sylvite.str",
            "Gehlenite.str",
            "Corundum as standard.str",
            "Hematite.str",
            "Zircon.str",
            "C2SH-alpha.str",
            "C3A-cubic.str",
            "Syngenite.str",
            "Arcanite.str",
            "Anorthite.str",
            "CaClOH.str",
            "Thaumasite.str",
            "Dolomite.str",
            "Lime.str",
            "LangbeiniteDipotassium_dicalcium_tris(sulfate(VI))_40989-icsd.str",
            "Magnetite.str",
            "Calcite.str",
            "Quartz.str",
            "BrownmilleriteAlFe.str",
            "Analcime.str",
            "Crishigh.str",
            "Aragonit.str",
            "Ettringite-from-CIF-good.str",
            "rwp_all.str",
            "Portlandite.str",
            "Merwinite.str",
            "Musc2m1_with p mod p1.str",
            "Mayenite.str",
            "Phillips.str"
        ],