{
    "results": {
        "LangbeiniteDipotassium_dicalcium_tris(sulfate(VI))_40989-icsd": {
            "RWP": 0.0,
            "percentage_weight": 1.099,
            "crystallite_size": 66.90994
        },
        "Chlorite-p-mod": {
            "RWP": 0.0036002991467882412,
            "percentage_weight": 0.0,
            "crystallite_size": 50.00037
        },
        "C4AF": {
            "RWP": 0.0,
            "percentage_weight": 0.0,
            "crystallite_size": 9559044049296092.0
        },
        "Dolomite": {
            "RWP": 0.0,
            "percentage_weight": 0.249,
            "crystallite_size": 80.086
        },
        "Thenardite": {
            "RWP": -0.031551164921146686,
            "percentage_weight": 0.27,
            "crystallite_size": 145.58096
        },
        "CaO": {
            "RWP": 0.00520205109187705,
            "percentage_weight": 0.051,
            "crystallite_size": 1.8274043915684504e+19
        },
        "BrownmilleriteAlFe": {
            "RWP": 0.0,
            "percentage_weight": 0.179,
            "crystallite_size": 72.06735
        },
        "C6S3H-gamma-Dellaite": {
            "RWP": -0.01949964844744584,
            "percentage_weight": 0.0,
            "crystallite_size": 3.9425038079189606e+17
        },
        "Larnite": {
            "RWP": 0.0,
            "percentage_weight": 1.597,
            "crystallite_size": 103.18158
        },
        "Mayenite": {
            "RWP": 0.0,
            "percentage_weight": 0.176,
            "crystallite_size": 1999.38224
        },
        "Yeelimite_9009938": {
            "RWP": 0.0,
            "percentage_weight": 0.038,
            "crystallite_size": 79214589.64547
        },
        "Sylvite": {
            "RWP": 0.0,
            "percentage_weight": 1.778,
            "crystallite_size": 216.60288
        },
        "C3S-mono_nishi": {
            "RWP": 0.0,
            "percentage_weight": 1.293,
            "crystallite_size": 199.16809
        },
        "Musc2m1_with p mod p1": {
            "RWP": 0.0003368893530772645,
            "percentage_weight": 0.059,
            "crystallite_size": 1999.98047
        },
        "CA": {
            "RWP": 0.0,
            "percentage_weight": 0.437,
            "crystallite_size": 154604182215506.66
        },
        "Tobermorite11A": {
            "RWP": -0.0405554632352944,
            "percentage_weight": 0.037,
            "crystallite_size": 1997.73263
        },
        "Magnetite": {
            "RWP": 0.0,
            "percentage_weight": 0.177,
            "crystallite_size": 1214.57323
        },
        "rwp_all": {
            "RWP": {
                "RWP": 10.2944779
            },
            "percentage_weight": null,
            "crystallite_size": null
        },
        "Lime": {
            "RWP": -0.05673410984737757,
            "percentage_weight": 0.172,
            "crystallite_size": 50.0
        },
        "Talc": {
            "RWP": -0.021948777023456507,
            "percentage_weight": 0.168,
            "crystallite_size": 2000.0
        },
        "Zircon": {
            "RWP": 0.004474000570733156,
            "percentage_weight": 0.033,
            "crystallite_size": 1999.99995
        },
        "Rutile": {
            "RWP": -0.010305670771317095,
            "percentage_weight": 0.0,
            "crystallite_size": 1135.39965
        },
        "Hydrocalumite": {
            "RWP": 0.0,
            "percentage_weight": 3.552,
            "crystallite_size": 50.00729
        },
        "C3A-Na-ortho": {
            "RWP": 0.0,
            "percentage_weight": 0.108,
            "crystallite_size": 110816.73911
        },
        "CF": {
            "RWP": -0.008741366087152527,
            "percentage_weight": 0.0,
            "crystallite_size": 199838969188.29636
        },
        "Thaumasite": {
            "RWP": 0.0,
            "percentage_weight": 1.265,
            "crystallite_size": 93.69822
        },
        "Zro2mkl": {
            "RWP": 0.0,
            "percentage_weight": 0.629,
            "crystallite_size": 50.02698
        },
        "Analcime": {
            "RWP": -0.03869719415299347,
            "percentage_weight": 0.084,
            "crystallite_size": 895.84543
        },
        "MicroInt1": {
            "RWP": 0.0,
            "percentage_weight": 0.788,
            "crystallite_size": 1970.67974
        },
        "Katoite": {
            "RWP": 0.0,
            "percentage_weight": 0.307,
            "crystallite_size": 77.06109
        },
        "Aphthita": {
            "RWP": 0.0,
            "percentage_weight": 0.549,
            "crystallite_size": 50.02938
        },
        "Arcanite": {
            "RWP": -0.0018934811643046747,
            "percentage_weight": 0.518,
            "crystallite_size": 65.9108
        },
        "Y2o3": {
            "RWP": -0.010594971504091619,
            "percentage_weight": 0.114,
            "crystallite_size": 50.0
        },
        "Corundum as standard": {
            "RWP": 0.0,
            "percentage_weight": 28.409,
            "crystallite_size": 270.85644
        },
        "C3A-cubic": {
            "RWP": 0.0,
            "percentage_weight": 0.591,
            "crystallite_size": 50.02973
        },
        "CA2-Grossite": {
            "RWP": 0.0,
            "percentage_weight": 0.265,
            "crystallite_size": 2.4130210071992556e+16
        },
        "C2F": {
            "RWP": 0.0,
            "percentage_weight": 0.151,
            "crystallite_size": 2.4275771658562828e+16
        },
        "Albint": {
            "RWP": 0.0,
            "percentage_weight": 1.07,
            "crystallite_size": 50.0
        },
        "Bassanit": {
            "RWP": 0.0,
            "percentage_weight": 0.114,
            "crystallite_size": 50.01487
        },
        "Mullite21": {
            "RWP": 0.0,
            "percentage_weight": 0.344,
            "crystallite_size": 88.12787
        },
        "Crishigh": {
            "RWP": -0.011731658581733537,
            "percentage_weight": 0.095,
            "crystallite_size": 124.46515
        },
        "Calcite": {
            "RWP": 0.0,
            "percentage_weight": 41.285,
            "crystallite_size": 57.92587
        },
        "Anhydrite": {
            "RWP": -0.02760110835732618,
            "percentage_weight": 0.525,
            "crystallite_size": 50.0
        },
        "Quartz": {
            "RWP": 0.0,
            "percentage_weight": 5.967,
            "crystallite_size": 191.43895
        },
        "Gypsum": {
            "RWP": -0.0347335516646259,
            "percentage_weight": 0.214,
            "crystallite_size": 50.00035
        },
        "Aragonit": {
            "RWP": -0.038173742643131135,
            "percentage_weight": 0.674,
            "crystallite_size": 65.98328
        },
        "Calcium chloride hydroxide": {
            "RWP": 0.0,
            "percentage_weight": 0.233,
            "crystallite_size": 85.05359
        },
        "Gehlenite": {
            "RWP": 0.0,
            "percentage_weight": 0.518,
            "crystallite_size": 142.48094
        },
        "Portlandite": {
            "RWP": 0.0,
            "percentage_weight": 3.806,
            "crystallite_size": 56.91183
        },
        "Vaterite": {
            "RWP": 0.0,
            "percentage_weight": 0.318,
            "crystallite_size": 50.05911
        },
        "Gibbsite": {
            "RWP": -0.050600697292283274,
            "percentage_weight": 0.046,
            "crystallite_size": 1999.99993
        },
        "Anorthite": {
            "RWP": 0.0,
            "percentage_weight": 0.123,
            "crystallite_size": 1996.04263
        },
        "C3A-Na-cubic": {
            "RWP": 0.0,
            "percentage_weight": 0.884,
            "crystallite_size": 45.0
        },
        "Phillips": {
            "RWP": 0.0,