{
    "results": {
        "C3S-mono_nishi": {
            "RWP": 0.0,
            "percentage_weight": 1.25,
            "crystallite_size": 192.23328
        },
        "Anhydrite": {
            "RWP": -0.02118012279340594,
            "percentage_weight": 0.535,
            "crystallite_size": 50.00019
        },
        "Crishigh": {
            "RWP": -0.005271658355083701,
            "percentage_weight": 0.073,
            "crystallite_size": 149.83524
        },
        "Bassanit": {
            "RWP": 0.0,
            "percentage_weight": 0.137,
            "crystallite_size": 53.21318
        },
        "Zircon": {
            "RWP": 0.015775708979384965,
            "percentage_weight": 0.035,
            "crystallite_size": 1999.99831
        },
        "Tobermorite11A": {
            "RWP": -0.03151686399934219,
            "percentage_weight": 0.049,
            "crystallite_size": 477.85068
        },
        "rwp_all": {
            "RWP": 10.1970948,
            "percentage_weight": null,
            "crystallite_size": null
        },
        "Hematite": {
            "RWP": -0.032616390895963826,
            "percentage_weight": 0.02,
            "crystallite_size": 1998.08176
        },
        "Phillips": {
            "RWP": 0.0,
            "percentage_weight": 0.241,
            "crystallite_size": 687.00747
        },
        "CaO": {
            "RWP": -0.013840373436559555,
            "percentage_weight": 0.013,
            "crystallite_size": 1.933998011634521e+19
        },
        "Gypsum": {
            "RWP": 0.001185239544894693,
            "percentage_weight": 0.2,
            "crystallite_size": 50.00119
        },
        "BrownmilleriteAlFe": {
            "RWP": 0.0,
            "percentage_weight": 0.192,
            "crystallite_size": 151.39828
        },
        "CF": {
            "RWP": -0.0024183456644926143,
            "percentage_weight": 0.037,
            "crystallite_size": 153806827466.03473
        },
        "Calcium chloride hydroxide": {
            "RWP": 0.0,
            "percentage_weight": 0.19,
            "crystallite_size": 255.91479
        },
        "Syngenite": {
            "RWP": 0.0,
            "percentage_weight": 1.362,
            "crystallite_size": 50.0
        },
        "Y2o3": {
            "RWP": -0.0005488131776513987,
            "percentage_weight": 0.086,
            "crystallite_size": 50.0
        },
        "Corundum as standard": {
            "RWP": 0.0,
            "percentage_weight": 28.383,
            "crystallite_size": 269.60242
        },
        "C4AF": {
            "RWP": 0.0,
            "percentage_weight": 0.088,
            "crystallite_size": 9559044049296528.0
        },
        "Mullite21": {
            "RWP": 0.0,
            "percentage_weight": 0.337,
            "crystallite_size": 128.16798
        },
        "Vaterite": {
            "RWP": 0.0,
            "percentage_weight": 0.361,
            "crystallite_size": 50.0
        },
        "Lime": {
            "RWP": -0.03561008965024039,
            "percentage_weight": 0.151,
            "crystallite_size": 55.32198
        },
        "C2F": {
            "RWP": 0.0,
            "percentage_weight": 0.146,
            "crystallite_size": 2.4275771658562824e+16
        },
        "Mayenite": {
            "RWP": 0.0,
            "percentage_weight": 0.144,
            "crystallite_size": 2000.0
        },
        "Portlandite": {
            "RWP": 0.0,
            "percentage_weight": 3.826,
            "crystallite_size": 57.74862
        },
        "CA": {
            "RWP": 0.0,
            "percentage_weight": 0.425,
            "crystallite_size": 154611661858397.0
        },
        "Magnetite": {
            "RWP": 0.0,
            "percentage_weight": 0.179,
            "crystallite_size": 2000.0
        },
        "Calcite": {
            "RWP": 0.0,
            "percentage_weight": 41.233,
            "crystallite_size": 57.91659
        },
        "MicroInt1": {
            "RWP": 0.0,
            "percentage_weight": 0.797,
            "crystallite_size": 2000.0
        },
        "Zro2mkl": {
            "RWP": 0.0,
            "percentage_weight": 0.589,
            "crystallite_size": 50.0
        },
        "Ettringite-from-CIF-good": {
            "RWP": 0.0,
            "percentage_weight": 0.105,
            "crystallite_size": 2000.0
        },
        "Albint": {
            "RWP": 0.0,
            "percentage_weight": 1.085,
            "crystallite_size": 50.0
        },
        "Aragonit": {
            "RWP": -0.023705996143136752,
            "percentage_weight": 0.63,
            "crystallite_size": 50.00015
        },
        "Gehlenite": {
            "RWP": 0.0,
            "percentage_weight": 0.441,
            "crystallite_size": 171.46736
        },
        "Gibbsite": {
            "RWP": -0.009594928939956587,
            "percentage_weight": 0.002,
            "crystallite_size": 761.88346
        },
        "Thaumasite": {
            "RWP": 0.0,
            "percentage_weight": 1.211,
            "crystallite_size": 108.88621
        },
        "LangbeiniteDipotassium_dicalcium_tris(sulfate(VI))_40989-icsd": {
            "RWP": 0.0,
            "percentage_weight": 1.029,
            "crystallite_size": 73.80245
        },
        "Akermani": {
            "RWP": 0.0,
            "percentage_weight": 0.091,
            "crystallite_size": 6793973175733230.0
        },
        "Analcime": {
            "RWP": -0.04039849173511663,
            "percentage_weight": 0.023,
            "crystallite_size": 1999.99847
        },
        "Chlorite-p-mod": {
            "RWP": 0.0072484664945940466,
            "percentage_weight": 0.0,
            "crystallite_size": 50.0
        },
        "Musc2m1_with p mod p1": {
            "RWP": 0.01053678543814255,
            "percentage_weight": 0.071,
            "crystallite_size": 1998.8088
        },
        "Dolomite": {
            "RWP": 0.0,
            "percentage_weight": 0.243,
            "crystallite_size": 194.31996
        },
        "C3A-Na-cubic": {
            "RWP": 0.0,
            "percentage_weight": 0.63,
            "crystallite_size": 45.0
        },
        "C3A-cubic": {
            "RWP": 0.0,
            "percentage_weight": 0.571,
            "crystallite_size": 50.0
        },
        "Katoite": {
            "RWP": 0.0,
            "percentage_weight": 0.353,
            "crystallite_size": 91.16514
        },
        "Thenardite": {
            "RWP": -0.021257180035239118,
            "percentage_weight": 0.262,
            "crystallite_size": 125.5411
        },
        "Talc": {
            "RWP": -0.016138331870759873,
            "percentage_weight": 0.11,
            "crystallite_size": 1999.99965
        },
        "Rutile": {
            "RWP": -0.014494206722487305,
            "percentage_weight": 0.0,
            "crystallite_size": 1989.11776
        },
        "Yeelimite_9009938": {
            "RWP": 0.0,
            "percentage_weight": 0.042,
            "crystallite_size": 1.3757494101601858e+19
        },
        "Merwinite": {
            "RWP": 0.0,
            "percentage_weight": 0.162,
            "crystallite_size": 2000.0
        },
        "C3A-Na-ortho": {
            "RWP": 0.0,
            "percentage_weight": 0.336,
            "crystallite_size": 191.31069
        },
        "Arcanite": {
            "RWP": -0.022975723438405267,
            "percentage_weight": 0.651,
            "crystallite_size": 68.71402
        },
        "Larnite": {
            "RWP": 0.0,
            "percentage_weight": 1.541,
            "crystallite_size": 119.14363
        },
        "C6S3H-gamma-Dellaite": {
            "RWP": -0.016481508046782167,
            "percentage_weight": 0.367,
            "crystallite_size": 14776935783424.164
        },
        "CA2-Grossite": {
            "RWP": 0.0,
            "percentage_weight": 0.205,