{
    "results": {
        "Zro2mkl": {
            "RWP": 0.0,
            "percentage_weight": 0.888,
            "crystallite_size": 50.00012
        },
        "Katoite": {
            "RWP": -0.03183613847194447,
            "percentage_weight": 0.056,
            "crystallite_size": 1999.86801
        },
        "Vaterite": {
            "RWP": -0.006049899825669102,
            "percentage_weight": 0.646,
            "crystallite_size": 50.0
        },
        "Anhydrite": {
            "RWP": 0.0,
            "percentage_weight": 0.362,
            "crystallite_size": 50.00019
        },
        "C4AF": {
            "RWP": -0.01331042923857735,
            "percentage_weight": 0.001,
            "crystallite_size": 1.3114555841472786e+16
        },
        "Yeelimite_9009938": {
            "RWP": -0.0023813469320637572,
            "percentage_weight": 0.337,
            "crystallite_size": 30.0
        },
        "Ettringite-from-CIF-good": {
            "RWP": 0.0,
            "percentage_weight": 0.712,
            "crystallite_size": 187.69434
        },
        "Magnetite": {
            "RWP": 0.0,
            "percentage_weight": 0.202,
            "crystallite_size": 292.25947
        },
        "BrownmilleriteAlFe": {
            "RWP": -0.02554783504421535,
            "percentage_weight": 0.494,
            "crystallite_size": 50.0
        },
        "C3A-Na-ortho": {
            "RWP": -0.007566979484770031,
            "percentage_weight": 0.308,
            "crystallite_size": 674.46685
        },
        "Phillips": {
            "RWP": -0.03427940190854167,
            "percentage_weight": 0.673,
            "crystallite_size": 148.06135
        },
        "Mullite21": {
            "RWP": 0.0,
            "percentage_weight": 0.081,
            "crystallite_size": 1996.83164
        },
        "Calcium chloride hydroxide": {
            "RWP": -0.034724720753335755,
            "percentage_weight": 0.075,
            "crystallite_size": 1951.76585
        },
        "CA2-Grossite": {
            "RWP": -0.0327077983288076,
            "percentage_weight": 0.226,
            "crystallite_size": 2.2831623959468784e+16
        },
        "Dolomite": {
            "RWP": 0.007671670809838802,
            "percentage_weight": 0.602,
            "crystallite_size": 142.12271
        },
        "C2F": {
            "RWP": -0.030402488025676782,
            "percentage_weight": 0.128,
            "crystallite_size": 2.226540573784559e+16
        },
        "Akermani": {
            "RWP": -0.011478109368739237,
            "percentage_weight": 0.338,
            "crystallite_size": 3583287234455074.0
        },
        "Aphthita": {
            "RWP": -0.03660180093560434,
            "percentage_weight": 0.884,
            "crystallite_size": 50.00004
        },
        "Anorthite": {
            "RWP": -0.03950485610354726,
            "percentage_weight": 0.125,
            "crystallite_size": 1999.99988
        },
        "Quartz": {
            "RWP": 0.0,
            "percentage_weight": 6.23,
            "crystallite_size": 204.24986
        },
        "CA": {
            "RWP": 0.0,
            "percentage_weight": 0.331,
            "crystallite_size": 25969783204570.06
        },
        "C3A-cubic": {
            "RWP": 0.0,
            "percentage_weight": 0.731,
            "crystallite_size": 50.00093
        },
        "Syngenite": {
            "RWP": 0.0,
            "percentage_weight": 1.32,
            "crystallite_size": 50.00036
        },
        "Aragonit": {
            "RWP": 0.0,
            "percentage_weight": 0.481,
            "crystallite_size": 75.21406
        },
        "Thaumasite": {
            "RWP": 0.0,
            "percentage_weight": 0.494,
            "crystallite_size": 119.98081
        },
        "MicroInt1": {
            "RWP": -0.015051705630547628,
            "percentage_weight": 0.512,
            "crystallite_size": 1588.5997
        },
        "Hydrocalumite": {
            "RWP": 0.0,
            "percentage_weight": 3.634,
            "crystallite_size": 50.00012
        },
        "Portlandite": {
            "RWP": 0.0,
            "percentage_weight": 4.199,
            "crystallite_size": 54.04944
        },
        "rwp_all": {
            "RWP": 10.3752627,
            "percentage_weight": null,
            "crystallite_size": null
        },
        "Gypsum": {
            "RWP": 1.4322663945656045,
            "percentage_weight": 0.318,
            "crystallite_size": 50.00142
        },
        "Albint": {
            "RWP": 0.0,
            "percentage_weight": 0.864,
            "crystallite_size": 50.00016
        },
        "Bassanit": {
            "RWP": 0.0,
            "percentage_weight": 0.0,
            "crystallite_size": 1999.76242
        },
        "Merwinite": {
            "RWP": 0.0,
            "percentage_weight": 0.222,
            "crystallite_size": 1999.99602
        },
        "LangbeiniteDipotassium_dicalcium_tris(sulfate(VI))_40989-icsd": {
            "RWP": 0.0,
            "percentage_weight": 1.42,
            "crystallite_size": 62.72966
        },
        "Lime": {
            "RWP": 0.0,
            "percentage_weight": 0.229,
            "crystallite_size": 78.28085
        },
        "Calcite": {
            "RWP": 0.0,
            "percentage_weight": 42.708,
            "crystallite_size": 57.15421
        },
        "Thenardite": {
            "RWP": -0.029173613117285203,
            "percentage_weight": 0.195,
            "crystallite_size": 265.52495
        },
        "C3S-mono_nishi": {
            "RWP": 0.0,
            "percentage_weight": 1.556,
            "crystallite_size": 101.20608
        },
        "Mayenite": {
            "RWP": -0.039897591219545746,
            "percentage_weight": 0.185,
            "crystallite_size": 1999.99734
        },
        "Sylvite": {
            "RWP": 0.0,
            "percentage_weight": 1.803,
            "crystallite_size": 244.71642
        },
        "Gehlenite": {
            "RWP": 0.0,
            "percentage_weight": 0.604,
            "crystallite_size": 50.00014
        },
        "C3A-Na-cubic": {
            "RWP": 0.0,
            "percentage_weight": 0.967,
            "crystallite_size": 45.0
        },
        "Corundum as standard": {
            "RWP": 0.0,
            "percentage_weight": 28.308,
            "crystallite_size": 332.68604
        },
        "Larnite": {
            "RWP": 0.0,
            "percentage_weight": 1.654,
            "crystallite_size": 74.59115
        },
        "initial_structure_list": [
            "Zro2mkl",
            "Anhydrite",
            "Ettringite-from-CIF-good",
            "Magnetite",
            "Mullite21",
            "Quartz",
            "CA",
            "C3A-cubic",
            "Syngenite",
            "Aragonit",
            "Thaumasite",
            "Hydrocalumite",
            "Portlandite",
            "Albint",
            "Bassanit",
            "Merwinite",
            "LangbeiniteDipotassium_dicalcium_tris(sulfate(VI))_40989-icsd",
            "Lime",
            "Calcite",
            "C3S-mono_nishi",
            "Sylvite",
            "Gehlenite",
            "C3A-Na-cubic",
            "Corundum as standard",
            "Larnite",
            "Katoite",
            "Vaterite",
            "C4AF",
            "Yeelimite_9009938",
            "BrownmilleriteAlFe",
            "C3A-Na-ortho",
            "Phillips",
            "Calcium chloride hydroxide",
            "CA2-Grossite",
            "Dolomite",
            "C2F",
            "Akermani",
            "Aphthita",
            "Anorthite",
            "MicroInt1",
            "Gypsum",
            "Thenardite",
            "Mayenite"
        ],