{
    "results": {
        "Bassanit": {
            "RWP": 0.08517436310132283,
            "percentage_weight": 1.218,
            "crystallite_size": 50.0
        },
        "Katoite": {
            "RWP": 0.07533128530604187,
            "percentage_weight": 1.31,
            "crystallite_size": 50.0
        },
        "Arcanite": {
            "RWP": 0.0419980996347156,
            "percentage_weight": 2.147,
            "crystallite_size": 50.0
        },
        "Quartz": {
            "RWP": 0.7356666973177198,
            "percentage_weight": 9.76,
            "crystallite_size": 166.75459
        },
        "Portlandite": {
            "RWP": 0.07134297924207786,
            "percentage_weight": 2.183,
            "crystallite_size": 50.0
        },
        "Vaterite": {
            "RWP": 0.04712517509693688,
            "percentage_weight": 2.812,
            "crystallite_size": 50.0
        },
        "Calcite": {
            "RWP": 0.7764196393154122,
            "percentage_weight": 16.295,
            "crystallite_size": 50.0
        },
        "Larnite": {
            "RWP": 0.10997502945968908,
            "percentage_weight": 7.489,
            "crystallite_size": 50.0
        },
        "Magnetite": {
            "RWP": 0.009632941335450819,
            "percentage_weight": 0.385,
            "crystallite_size": 74.26252
        },
        "Corundum as standard": {
            "RWP": 1.4474672676957814,
            "percentage_weight": 29.612,
            "crystallite_size": 284.95799
        },
        "Anorthite": {
            "RWP": -0.02050444473827687,
            "percentage_weight": 3.579,
            "crystallite_size": 50.0
        },
        "Tobermorite11A": {
            "RWP": 0.22882621904495345,
            "percentage_weight": 5.446,
            "crystallite_size": 50.0
        },
        "Calcium chloride hydroxide": {
            "RWP": 0.01064387123246549,
            "percentage_weight": 0.0,
            "crystallite_size": 1350.0
        },
        "Hydrocalumite": {
            "RWP": 0.026219519261725853,
            "percentage_weight": 1.755,
            "crystallite_size": 50.0
        },
        "Sylvite": {
            "RWP": 0.5941972947872851,
            "percentage_weight": 4.666,
            "crystallite_size": 181.15397
        },
        "Syngenite": {
            "RWP": 0.09650425412004969,
            "percentage_weight": 5.327,
            "crystallite_size": 50.0
        },
        "C3S-mono_nishi": {
            "RWP": 0.027727389982296253,
            "percentage_weight": 3.523,
            "crystallite_size": 50.0
        },
        "Phillips": {
            "RWP": 0.009763232920931333,
            "percentage_weight": 2.492,
            "crystallite_size": 50.0
        },
        "rwp_all": {
            "RWP": {
                "RWP": 11.1741675
            },
            "percentage_weight": null,
            "crystallite_size": null
        },
        "initial_structure_list": [
            "Bassanit",
            "Katoite",
            "Arcanite",
            "Quartz",
            "Portlandite",
            "Vaterite",
            "Calcite",
            "Larnite",
            "Corundum as standard",
            "Tobermorite11A",
            "Calcium chloride hydroxide",
            "Hydrocalumite",
            "Sylvite",
            "Syngenite",
            "C3S-mono_nishi",
            "Magnetite",
            "Anorthite",
            "Phillips"
        ],
        "final_structure_list": [
            "Bassanit.str",
            "Katoite.str",
            "Arcanite.str",
            "Quartz.str",
            "Portlandite.str",
            "Vaterite.str",
            "Calcite.str",
            "Larnite.str",
            "Corundum as standard.str",
            "Tobermorite11A.str",
            "Calcium chloride hydroxide.str",
            "Hydrocalumite.str",
            "Sylvite.str",
            "Syngenite.str",
            "C3S-mono_nishi.str"
        ],
        "structures_list": [
            "Bassanit.str",
            "Katoite.str",
            "Arcanite.str",
            "Quartz.str",
            "Portlandite.str",
            "Vaterite.str",
            "Calcite.str",
            "Larnite.str",
            "Corundum as standard.str",
            "Tobermorite11A.str",
            "Calcium chloride hydroxide.str",
            "Hydrocalumite.str",
            "Sylvite.str",
            "Syngenite.str",
            "C3S-mono_nishi.str"
        ]
    },
    "valid_structures": [
        "Bassanit",
        "Katoite",
        "Arcanite",
        "Quartz",
        "Portlandite",
        "Vaterite",
        "Calcite",
        "Larnite",
        "Corundum as standard",
        "Tobermorite11A",
        "Calcium chloride hydroxide",
        "Hydrocalumite",
        "Sylvite",
        "Syngenite",
        "C3S-mono_nishi"
    ],
    "invalid_structures": [
        "Magnetite",
        "Anorthite",
        "Phillips"
    ],
    "structures_list": [
        "Bassanit.str",
        "Katoite.str",
        "Arcanite.str",
        "Quartz.str",
        "Portlandite.str",
        "Vaterite.str",
        "Calcite.str",
        "Larnite.str",
        "Corundum as standard.str",
        "Tobermorite11A.str",
        "Calcium chloride hydroxide.str",
        "Hydrocalumite.str",
        "Sylvite.str",
        "Syngenite.str",
        "C3S-mono_nishi.str"
    ],
    "excluded_structure_list": [
        "Phillips",
        "Anorthite",
        "Magnetite"
    ],
    "iteration": 1
}