{
    "results": {
        "Talc": {
            "RWP": 0.02008685697590173,
            "percentage_weight": 0.062,
            "crystallite_size": 684.84496
        },
        "Albint": {
            "RWP": 0.0,
            "percentage_weight": 0.521,
            "crystallite_size": 83.68189
        },
        "C3A-cubic": {
            "RWP": 0.0,
            "percentage_weight": 0.255,
            "crystallite_size": 50.02061
        },
        "Dolomite": {
            "RWP": -0.0019160852574613783,
            "percentage_weight": 0.197,
            "crystallite_size": 1999.85642
        },
        "Larnite": {
            "RWP": 0.0,
            "percentage_weight": 4.099,
            "crystallite_size": 56.4333
        },
        "C3S-mono_nishi": {
            "RWP": 0.0,
            "percentage_weight": 0.227,
            "crystallite_size": 1999.69583
        },
        "Arcanite": {
            "RWP": 0.0,
            "percentage_weight": 0.562,
            "crystallite_size": 166.33809
        },
        "MicroInt1": {
            "RWP": 0.0,
            "percentage_weight": 2.282,
            "crystallite_size": 50.0009
        },
        "Aragonit": {
            "RWP": 0.0,
            "percentage_weight": 0.347,
            "crystallite_size": 100.25711
        },
        "CA2-Grossite": {
            "RWP": 0.012834658251741253,
            "percentage_weight": 0.327,
            "crystallite_size": 1.5876414947324648e+16
        },
        "Ankeri05-with-p-mod": {
            "RWP": 0.011596618500959242,
            "percentage_weight": 0.124,
            "crystallite_size": 3.3083990750553572e+16
        },
        "CA": {
            "RWP": -0.010264163667949409,
            "percentage_weight": 0.355,
            "crystallite_size": 104899151035749.53
        },
        "C2F": {
            "RWP": 0.01682449347129601,
            "percentage_weight": 0.214,
            "crystallite_size": 1.9699711256038372e+16
        },
        "Sylvite": {
            "RWP": 0.0,
            "percentage_weight": 1.541,
            "crystallite_size": 253.81394
        },
        "Syngenite": {
            "RWP": 0.0,
            "percentage_weight": 1.521,
            "crystallite_size": 110.64761
        },
        "Musc2m1_with p mod p1": {
            "RWP": 0.0,
            "percentage_weight": 0.471,
            "crystallite_size": 852.6931
        },
        "Quartz": {
            "RWP": 0.0,
            "percentage_weight": 5.205,
            "crystallite_size": 241.01076
        },
        "Bassanit": {
            "RWP": 0.0,
            "percentage_weight": 0.184,
            "crystallite_size": 50.00045
        },
        "C3A-Na-cubic": {
            "RWP": 0.0,
            "percentage_weight": 0.935,
            "crystallite_size": 45.0
        },
        "Calcite": {
            "RWP": 0.0,
            "percentage_weight": 40.599,
            "crystallite_size": 61.76122
        },
        "Analcime": {
            "RWP": 0.002583857625767529,
            "percentage_weight": 0.286,
            "crystallite_size": 50.00005
        },
        "Gypsum": {
            "RWP": -0.024500464257250835,
            "percentage_weight": 0.274,
            "crystallite_size": 50.0
        },
        "Mayenite": {
            "RWP": -0.020816080350772145,
            "percentage_weight": 0.133,
            "crystallite_size": 1999.90289
        },
        "C4AF": {
            "RWP": -0.01822557029627067,
            "percentage_weight": 0.157,
            "crystallite_size": 1.1200815440074238e+16
        },
        "Phillips": {
            "RWP": -0.00937984285225969,
            "percentage_weight": 0.173,
            "crystallite_size": 1999.99997
        },
        "Corundum as standard": {
            "RWP": 0.0,
            "percentage_weight": 29.344,
            "crystallite_size": 279.77937
        },
        "Merwinite": {
            "RWP": 0.006599581888984559,
            "percentage_weight": 0.375,
            "crystallite_size": 387.37998
        },
        "Aphthita": {
            "RWP": 0.0,
            "percentage_weight": 0.598,
            "crystallite_size": 50.0014
        },
        "rwp_all": {
            "RWP": 9.79642212,
            "percentage_weight": null,
            "crystallite_size": null
        },
        "Hematite": {
            "RWP": 0.04936286677691666,
            "percentage_weight": 0.225,
            "crystallite_size": 75.19895
        },
        "C6S3H-gamma-Dellaite": {
            "RWP": -0.009011705387803472,
            "percentage_weight": 0.511,
            "crystallite_size": 4.0014148146627205e+18
        },
        "Ettringite-from-CIF-good": {
            "RWP": 0.0,
            "percentage_weight": 0.595,
            "crystallite_size": 197.9885
        },
        "Zro2mkl": {
            "RWP": 0.0,
            "percentage_weight": 0.596,
            "crystallite_size": 50.0014
        },
        "Gibbsite": {
            "RWP": 0.030652331669840212,
            "percentage_weight": 0.0,
            "crystallite_size": 50.00023
        },
        "Anhydrite": {
            "RWP": -0.017389543642899033,
            "percentage_weight": 0.391,
            "crystallite_size": 50.0
        },
        "Thenardite": {
            "RWP": 0.0,
            "percentage_weight": 0.0,
            "crystallite_size": 1979.20827
        },
        "Hydrocalumite": {
            "RWP": 0.0,
            "percentage_weight": 3.866,
            "crystallite_size": 50.00022
        },
        "Akermani": {
            "RWP": 0.007187442429236467,
            "percentage_weight": 0.227,
            "crystallite_size": 3838309061477326.5
        },
        "Gehlenite": {
            "RWP": 0.005312244548318836,
            "percentage_weight": 0.456,
            "crystallite_size": 70.34635
        },
        "Calcium chloride hydroxide": {
            "RWP": 0.0,
            "percentage_weight": 0.591,
            "crystallite_size": 50.00004
        },
        "CF": {
            "RWP": 0.0,
            "percentage_weight": 0.467,
            "crystallite_size": 67.29613
        },
        "Portlandite": {
            "RWP": 0.0,
            "percentage_weight": 4.801,
            "crystallite_size": 57.19079
        },
        "Vaterite": {
            "RWP": 0.03726236737540656,
            "percentage_weight": 0.165,
            "crystallite_size": 1999.99992
        },
        "Thaumasite": {
            "RWP": 0.023143814876772514,
            "percentage_weight": 0.183,
            "crystallite_size": 1999.72446
        },
        "Rutile": {
            "RWP": 0.035903993896089816,
            "percentage_weight": 0.065,
            "crystallite_size": 1998.22273
        },
        "Yeelimite_9009938": {
            "RWP": 0.03852968720380116,
            "percentage_weight": 0.229,
            "crystallite_size": 34.53889
        },
        "LangbeiniteDipotassium_dicalcium_tris(sulfate(VI))_40989-icsd": {
            "RWP": 0.0,
            "percentage_weight": 0.391,
            "crystallite_size": 247.43994
        },
        "Mullite21": {
            "RWP": 0.006170227176776542,
            "percentage_weight": 0.524,
            "crystallite_size": 106.35222
        },