{
    "results": {
        "Calcium chloride hydroxide": {
            "RWP": -0.017475512759146647,
            "percentage_weight": 0.507,
            "crystallite_size": 50.00002
        },
        "C3A-Na-cubic": {
            "RWP": 0.003984646959509044,
            "percentage_weight": 0.757,
            "crystallite_size": 45.0
        },
        "Anorthite": {
            "RWP": -0.012881591936417924,
            "percentage_weight": 0.28,
            "crystallite_size": 1991.90674
        },
        "Yeelimite_9009938": {
            "RWP": 0.0,
            "percentage_weight": 0.379,
            "crystallite_size": 125.81856
        },
        "Vaterite": {
            "RWP": 0.0,
            "percentage_weight": 0.596,
            "crystallite_size": 50.00001
        },
        "Magnetite": {
            "RWP": 0.0,
            "percentage_weight": 0.335,
            "crystallite_size": 184.0946
        },
        "C2F": {
            "RWP": -0.003703672999609842,
            "percentage_weight": 0.096,
            "crystallite_size": 6600285754067849.0
        },
        "Larnite": {
            "RWP": 0.0,
            "percentage_weight": 1.232,
            "crystallite_size": 120.64747
        },
        "Mullite21": {
            "RWP": 0.0,
            "percentage_weight": 0.372,
            "crystallite_size": 56.91023
        },
        "Corundum as standard": {
            "RWP": 0.0,
            "percentage_weight": 27.606,
            "crystallite_size": 360.21261
        },
        "Mayenite": {
            "RWP": -0.025258632223729434,
            "percentage_weight": 0.358,
            "crystallite_size": 50.0001
        },
        "Bassanit": {
            "RWP": -0.016798598283959857,
            "percentage_weight": 0.006,
            "crystallite_size": 263.22238
        },
        "Akermani": {
            "RWP": -0.006300333428428474,
            "percentage_weight": 0.252,
            "crystallite_size": 6090427547306776.0
        },
        "C3A-Na-ortho": {
            "RWP": 0.0,
            "percentage_weight": 0.967,
            "crystallite_size": 45.0
        },
        "Albint": {
            "RWP": 0.0,
            "percentage_weight": 1.79,
            "crystallite_size": 50.0
        },
        "Aragonit": {
            "RWP": 0.0,
            "percentage_weight": 0.262,
            "crystallite_size": 1999.99737
        },
        "MicroInt1": {
            "RWP": -0.00366055076527162,
            "percentage_weight": 0.562,
            "crystallite_size": 1999.99444
        },
        "Portlandite": {
            "RWP": 0.0,
            "percentage_weight": 4.219,
            "crystallite_size": 50.23344
        },
        "Zro2mkl": {
            "RWP": 0.0,
            "percentage_weight": 0.451,
            "crystallite_size": 82.66021
        },
        "rwp_all": {
            "RWP": 10.2290618,
            "percentage_weight": null,
            "crystallite_size": null
        },
        "Hematite": {
            "RWP": -0.013404347601067481,
            "percentage_weight": 0.0,
            "crystallite_size": 699.94283
        },
        "LangbeiniteDipotassium_dicalcium_tris(sulfate(VI))_40989-icsd": {
            "RWP": 0.0,
            "percentage_weight": 1.214,
            "crystallite_size": 89.71707
        },
        "Phillips": {
            "RWP": -0.01265735827307248,
            "percentage_weight": 0.59,
            "crystallite_size": 200.48517
        },
        "Gehlenite": {
            "RWP": 0.0,
            "percentage_weight": 0.787,
            "crystallite_size": 50.0
        },
        "Ettringite-from-CIF-good": {
            "RWP": 0.0,
            "percentage_weight": 0.173,
            "crystallite_size": 639.21283
        },
        "Lime": {
            "RWP": -0.007590031375115964,
            "percentage_weight": 0.125,
            "crystallite_size": 93.19245
        },
        "C4AF": {
            "RWP": -0.03936828204518231,
            "percentage_weight": 0.067,
            "crystallite_size": 859795011273564.0
        },
        "Syngenite": {
            "RWP": 0.0,
            "percentage_weight": 1.21,
            "crystallite_size": 50.0
        },
        "Thenardite": {
            "RWP": 0.0,
            "percentage_weight": 0.647,
            "crystallite_size": 50.0
        },
        "Arcanite": {
            "RWP": 0.0,
            "percentage_weight": 0.758,
            "crystallite_size": 50.0
        },
        "C6S3H-gamma-Dellaite": {
            "RWP": 0.010593728155987924,
            "percentage_weight": 0.269,
            "crystallite_size": 3421638010819061.0
        },
        "CA2-Grossite": {
            "RWP": -0.01930248383092192,
            "percentage_weight": 0.371,
            "crystallite_size": 45489455172718.086
        },
        "Hydrocalumite": {
            "RWP": 0.0,
            "percentage_weight": 3.487,
            "crystallite_size": 50.0
        },
        "C3S-mono_nishi": {
            "RWP": 0.0,
            "percentage_weight": 1.281,
            "crystallite_size": 66.87565
        },
        "Dolomite": {
            "RWP": 0.0,
            "percentage_weight": 0.465,
            "crystallite_size": 255.3949
        },
        "Calcite": {
            "RWP": 0.0,
            "percentage_weight": 41.456,
            "crystallite_size": 58.54815
        },
        "Sylvite": {
            "RWP": 0.0,
            "percentage_weight": 1.72,
            "crystallite_size": 251.72872
        },
        "BrownmilleriteAlFe": {
            "RWP": 0.0,
            "percentage_weight": 0.101,
            "crystallite_size": 1935.14217
        },
        "Thaumasite": {
            "RWP": 0.0,
            "percentage_weight": 0.919,
            "crystallite_size": 171.58582
        },
        "Aphthita": {
            "RWP": 0.01226075298518575,
            "percentage_weight": 0.314,
            "crystallite_size": 50.00002
        },
        "Katoite": {
            "RWP": 0.0,
            "percentage_weight": 0.364,
            "crystallite_size": 103.64404
        },
        "CA": {
            "RWP": -0.001728780248448627,
            "percentage_weight": 0.397,
            "crystallite_size": 2867538377142970.0
        },
        "C3A-cubic": {
            "RWP": 0.0,
            "percentage_weight": 0.661,
            "crystallite_size": 63.2863
        },
        "Merwinite": {
            "RWP": -0.012380783543609062,
            "percentage_weight": 0.248,
            "crystallite_size": 1169.95598
        },
        "Quartz": {
            "RWP": 0.0,
            "percentage_weight": 6.171,
            "crystallite_size": 204.11052
        },
        "Anhydrite": {
            "RWP": 0.0,
            "percentage_weight": 0.378,
            "crystallite_size": 50.0
        },