{
    "results": {
        "Chlorite-p-mod": {
            "RWP": 0.008647711069147752,
            "percentage_weight": 0.0,
            "crystallite_size": 50.0
        },
        "Thaumasite": {
            "RWP": 0.0,
            "percentage_weight": 1.229,
            "crystallite_size": 105.37873
        },
        "Mullite21": {
            "RWP": 0.0,
            "percentage_weight": 0.376,
            "crystallite_size": 112.00795
        },
        "Tobermorite11A": {
            "RWP": -0.05103531189014615,
            "percentage_weight": 0.074,
            "crystallite_size": 50.00022
        },
        "Ankeri05-with-p-mod": {
            "RWP": -0.008557333976656607,
            "percentage_weight": 0.01,
            "crystallite_size": 7119510504307897.0
        },
        "Portlandite": {
            "RWP": 0.0,
            "percentage_weight": 3.82,
            "crystallite_size": 57.87882
        },
        "Analcime": {
            "RWP": -0.017040262716636553,
            "percentage_weight": 0.056,
            "crystallite_size": 1999.95878
        },
        "C6S3H-gamma-Dellaite": {
            "RWP": 0.00855790962692722,
            "percentage_weight": 0.438,
            "crystallite_size": 7140884919997397.0
        },
        "Lime": {
            "RWP": -0.04842225285982571,
            "percentage_weight": 0.135,
            "crystallite_size": 50.0
        },
        "Yeelimite_9009938": {
            "RWP": 0.0,
            "percentage_weight": 0.04,
            "crystallite_size": 12044628.6896
        },
        "Calcite": {
            "RWP": 0.0,
            "percentage_weight": 41.044,
            "crystallite_size": 58.08465
        },
        "Gehlenite": {
            "RWP": 0.0,
            "percentage_weight": 0.424,
            "crystallite_size": 259.80732
        },
        "Anorthite": {
            "RWP": 0.0,
            "percentage_weight": 0.226,
            "crystallite_size": 1999.50533
        },
        "Akermani": {
            "RWP": 0.0,
            "percentage_weight": 0.073,
            "crystallite_size": 6793973175732684.0
        },
        "Ettringite-from-CIF-good": {
            "RWP": 0.0,
            "percentage_weight": 0.103,
            "crystallite_size": 1998.02818
        },
        "Zircon": {
            "RWP": 0.005992655912387763,
            "percentage_weight": 0.048,
            "crystallite_size": 680.86879
        },
        "Hydrocalumite": {
            "RWP": 0.0,
            "percentage_weight": 3.579,
            "crystallite_size": 50.00091
        },
        "LangbeiniteDipotassium_dicalcium_tris(sulfate(VI))_40989-icsd": {
            "RWP": 0.0,
            "percentage_weight": 1.067,
            "crystallite_size": 57.61022
        },
        "Hematite": {
            "RWP": -0.025015881605560127,
            "percentage_weight": 0.04,
            "crystallite_size": 1999.98605
        },
        "Quartz": {
            "RWP": 0.0,
            "percentage_weight": 5.973,
            "crystallite_size": 189.42055
        },
        "Thenardite": {
            "RWP": -0.022159140058891566,
            "percentage_weight": 0.289,
            "crystallite_size": 122.93873
        },
        "C3S-mono_nishi": {
            "RWP": 0.0,
            "percentage_weight": 1.233,
            "crystallite_size": 217.98205
        },
        "CA2-Grossite": {
            "RWP": 0.0,
            "percentage_weight": 0.192,
            "crystallite_size": 2.4130210071992524e+16
        },
        "CA": {
            "RWP": 0.0,
            "percentage_weight": 0.415,
            "crystallite_size": 154610713779881.4
        },
        "MicroInt1": {
            "RWP": 0.0,
            "percentage_weight": 0.808,
            "crystallite_size": 1997.06408
        },
        "Zro2mkl": {
            "RWP": 0.0,
            "percentage_weight": 0.633,
            "crystallite_size": 50.00337
        },
        "Talc": {
            "RWP": -0.036327319661307665,
            "percentage_weight": 0.188,
            "crystallite_size": 2000.0
        },
        "Y2o3": {
            "RWP": -0.008949400594886832,
            "percentage_weight": 0.105,
            "crystallite_size": 50.0
        },
        "Vaterite": {
            "RWP": 0.0,
            "percentage_weight": 0.314,
            "crystallite_size": 50.00739
        },
        "CF": {
            "RWP": -0.00322872480020214,
            "percentage_weight": 0.004,
            "crystallite_size": 225464420468.44562
        },
        "Aragonit": {
            "RWP": -0.02139146651745816,
            "percentage_weight": 0.577,
            "crystallite_size": 50.0
        },
        "C2F": {
            "RWP": 0.0,
            "percentage_weight": 0.099,
            "crystallite_size": 2.427577165856277e+16
        },
        "Gibbsite": {
            "RWP": -0.041756858868096304,
            "percentage_weight": 0.006,
            "crystallite_size": 1998.0974
        },
        "Mayenite": {
            "RWP": 0.0,
            "percentage_weight": 0.142,
            "crystallite_size": 1999.92289
        },
        "CaO": {
            "RWP": 0.000489410054674544,
            "percentage_weight": 0.056,
            "crystallite_size": 2.2601637540817388e+19
        },
        "Katoite": {
            "RWP": 0.0,
            "percentage_weight": 0.354,
            "crystallite_size": 78.42903
        },
        "Albint": {
            "RWP": 0.0,
            "percentage_weight": 1.242,
            "crystallite_size": 50.0
        },
        "Merwinite": {
            "RWP": 0.0,
            "percentage_weight": 0.251,
            "crystallite_size": 1926.57992
        },
        "Crishigh": {
            "RWP": -0.008525712238908304,
            "percentage_weight": 0.069,
            "crystallite_size": 152.4649
        },
        "C3A-Na-ortho": {
            "RWP": 0.0,
            "percentage_weight": 0.179,
            "crystallite_size": 45.0
        },
        "Anhydrite": {
            "RWP": -0.03237751874556324,
            "percentage_weight": 0.468,
            "crystallite_size": 50.00012
        },
        "Calcium chloride hydroxide": {
            "RWP": 0.0,
            "percentage_weight": 0.183,
            "crystallite_size": 358.56766
        },
        "Sylvite": {
            "RWP": 0.0,
            "percentage_weight": 1.736,
            "crystallite_size": 216.35362
        },
        "Aphthita": {
            "RWP": 0.0,
            "percentage_weight": 0.569,
            "crystallite_size": 50.00367
        },
        "Musc2m1_with p mod p1": {
            "RWP": 0.014616336021932288,
            "percentage_weight": 0.042,
            "crystallite_size": 1356.86949
        },
        "Syngenite": {
            "RWP": 0.0,
            "percentage_weight": 1.379,
            "crystallite_size": 50.0071
        },
        "BrownmilleriteAlFe": {
            "RWP": 0.0,
            "percentage_weight": 0.146,
            "crystallite_size": 352.95314
        },
        "Phillips": {
            "RWP": 0.0,
            "percentage_weight": 0.277,
            "crystallite_size": 538.98854
        },
        "C3A-cubic": {
            "RWP": 0.0,
            "percentage_weight": 0.52,
            "crystallite_size": 50.00372
        },
        "Rutile": {
            "RWP": -0.015838851331448855,
            "percentage_weight": 0.002,
            "crystallite_size": 1999.99983
        },
        "rwp_all": {
            "RWP": 10.2492786,
            "percentage_weight": null,
            "crystallite_size": null
        },
        "Dolomite": {
            "RWP": 0.0,
            "percentage_weight": 0.22,
            "crystallite_size": 281.33805
        },
        "Bassanit": {
            "RWP": 0.0,
            "percentage_weight": 0.164,
            "crystallite_size": 50.00186
        },
        "Corundum as standard": {
            "RWP": 0.0,
            "percentage_weight": 28.288,